Date,Shift,Milk Type,Kgs,Ltrs,Fat,SNF,Center Code
03-01-2021,AM,CM,305.73,,4.2,8.4,102
03-02-2021,AM,CM,347.48,,4.5,8.6,102
03-03-2021,AM,CM,294.37,,4.2,8.5,102
03-04-2021,AM,CM,289.13,,4.4,8.6,102
03-05-2021,AM,CM,302.62,,4.4,8.6,102
03-06-2021,AM,CM,271.07,,4.4,8.4,102
03-01-2021,AM,CM,191.17,,4.2,8.3,105
03-02-2021,AM,CM,326.21,,4.5,8.4,105
03-03-2021,AM,CM,284.47,,4.3,8.3,105
03-04-2021,AM,CM,203.88,,4.3,8.3,105
03-05-2021,AM,CM,243.98,,4.5,8.5,105
03-06-2021,AM,CM,245.83,,4.3,8.4,105
03-01-2021,AM,CM,198.35,,4.4,8.5,107
03-03-2021,AM,CM,229.81,,4.4,8.4,107
03-04-2021,AM,CM,194.17,,4.5,8.4,107
03-05-2021,AM,CM,198.83,,4.3,8.4,107
03-06-2021,AM,CM,232.91,,4.3,8.4,107
03-01-2021,AM,CM,10.19,,4.1,8.1,305
03-02-2021,AM,CM,10.39,,4.2,8.2,305
03-03-2021,AM,CM,10,,4.2,8.2,305
03-04-2021,AM,CM,10.1,,4.2,8.2,305
03-05-2021,AM,CM,10.19,,4.1,8.1,305
03-06-2021,AM,CM,10.1,,4,8,305
03-01-2021,AM,CM,9.81,,4,8,306
03-01-2021,AM,CM,31.84,,4.1,8.2,307
03-02-2021,AM,CM,25.15,,4.1,8.1,307
03-03-2021,AM,CM,27.18,,4.2,8.1,307
03-04-2021,AM,CM,28.64,,4.2,8.2,307
03-01-2021,AM,CM,39.13,,4.1,8.1,308
03-02-2021,AM,CM,38.16,,4.1,8.2,308
03-03-2021,AM,CM,39.9,,4,8.2,308
03-04-2021,AM,CM,39.42,,4,8.4,308
03-01-2021,AM,CM,3.69,,4.1,8.2,311
03-01-2021,AM,CM,14.47,,4,8.1,313
03-04-2021,AM,CM,14.17,,4.1,8.1,313
03-05-2021,AM,CM,9.71,,4,8,313
03-06-2021,AM,CM,15.73,,4.1,8.1,313
03-01-2021,AM,CM,21.07,,4,8,315
03-02-2021,AM,CM,24.76,,4.1,8.1,315
03-02-2021,AM,CM,9.71,,4,8.1,315
03-03-2021,AM,CM,17.48,,4,8.1,315
03-04-2021,AM,CM,19.32,,4,8,315
03-05-2021,AM,CM,25.44,,4,8.2,315
03-06-2021,AM,CM,24.66,,4.1,8,315
03-01-2021,AM,CM,32.43,,4.2,8.1,316
03-02-2021,AM,CM,34.95,,4.1,8.2,316
03-05-2021,AM,CM,30.58,,4.2,8.2,316
03-06-2021,AM,CM,35.44,,4.1,8,316
03-03-2021,AM,CM,35.44,,4.1,8.2,316
03-04-2021,AM,CM,39.22,,4.1,8.2,316
03-01-2021,AM,CM,12.04,,4.1,8,317
03-02-2021,AM,CM,8.74,,4,8.1,317
03-03-2021,AM,CM,10.68,,4.1,8.1,317
03-04-2021,AM,CM,10.68,,4.1,8.1,317
03-06-2021,AM,CM,7.96,,4,8.1,317
03-01-2021,AM,CM,5.05,,4.2,8.3,320
03-02-2021,AM,CM,6.41,,4.2,8.2,320
03-03-2021,AM,CM,7.28,,4.2,8.2,320
03-04-2021,AM,CM,7.96,,4.1,8.2,320
03-05-2021,AM,CM,6.8,,4.2,8.3,320
03-06-2021,AM,CM,7.86,,4.2,8.1,320
03-04-2021,AM,CM,12.91,,4.1,8.2,322
03-01-2021,AM,CM,7.18,,4.1,8,323
03-05-2021,AM,CM,66.5,,4.3,8.4,325
03-06-2021,AM,CM,106.99,,4.3,8.4,325
03-01-2021,AM,CM,4.66,,4.1,8.2,701
03-02-2021,AM,CM,5.63,,4.1,8.1,701
03-03-2021,AM,CM,4.85,,4.2,8.2,701
03-04-2021,AM,CM,5.05,,4,8.1,701
03-05-2021,AM,CM,6.89,,4.1,8.1,701
03-06-2021,AM,CM,4.95,,3.9,8,701
03-01-2021,AM,CM,61.55,,3.8,8,702
03-02-2021,AM,CM,65.05,,3.8,7.7,702
03-03-2021,AM,CM,64.66,,3.6,7.8,702
03-04-2021,AM,CM,84.27,,3.7,7.8,702
03-05-2021,AM,CM,58.64,,3.5,7.5,702
03-06-2021,AM,CM,72.23,,3.5,7.8,702
03-01-2021,AM,CM,28.16,,4.3,8.2,704
03-02-2021,AM,CM,22.04,,4,8.2,704
03-03-2021,AM,CM,10,,4,8.2,704
03-04-2021,AM,CM,9.51,,4.1,8.1,704
03-05-2021,AM,CM,10,,4.2,8.2,704
03-06-2021,AM,CM,9.81,,4,8.2,704
03-01-2021,AM,CM,10.19,,4,8.2,705
03-03-2021,AM,CM,2.52,,4,8.2,705
03-04-2021,AM,CM,4.37,,4.1,8,705
03-06-2021,AM,CM,2.72,,4,8,705
03-01-2021,AM,CM,50.1,,4.2,8.3,708
03-02-2021,AM,CM,51.55,,4,8,708
03-03-2021,AM,CM,59.61,,4.2,8.2,708
03-04-2021,AM,CM,53.01,,4.2,8.3,708
03-05-2021,AM,CM,56.89,,4.1,8.2,708
03-06-2021,AM,CM,53.01,,4.1,8.1,708
03-01-2021,AM,CM,20.58,,4.1,8.3,714
03-02-2021,AM,CM,21.36,,4,8.1,714
03-03-2021,AM,CM,22.52,,4.1,8.2,714
03-04-2021,AM,CM,23.98,,4.1,8.1,714
03-05-2021,AM,CM,20.68,,4.1,8.1,714
03-06-2021,AM,CM,18.64,,4,8.1,714
03-01-2021,AM,CM,28.45,,4.2,8.3,715
03-02-2021,AM,CM,23.79,,4.2,8.4,715
03-03-2021,AM,CM,31.07,,4.2,8.4,715
03-04-2021,AM,CM,26.6,,4.5,8.3,715
03-05-2021,AM,CM,23.01,,4.2,8.2,715
03-06-2021,AM,CM,29.13,,4.2,8.3,715
03-01-2021,AM,CM,62.72,,4.2,8.3,716
03-02-2021,AM,CM,55.73,,4.2,8.2,716
03-03-2021,AM,CM,60.58,,4.1,8.3,716
03-04-2021,AM,CM,62.43,,4.1,8.3,716
03-05-2021,AM,CM,55.73,,4.2,8.2,716
03-06-2021,AM,CM,53.98,,4.3,8.4,716
03-01-2021,AM,CM,31.65,,4.1,8.2,719
03-02-2021,AM,CM,31.26,,4,8.1,719
03-03-2021,AM,CM,35.24,,4.1,8.1,719
03-04-2021,AM,CM,28.25,,4.3,8.3,719
03-05-2021,AM,CM,29.22,,4.1,8.2,719
03-06-2021,AM,CM,25.15,,4.3,8.4,719
03-01-2021,AM,CM,57.48,,4.1,8.2,721
03-02-2021,AM,CM,29.61,,4.1,8.1,721
03-03-2021,AM,CM,41.75,,4.1,8.2,721
03-04-2021,AM,CM,33.5,,4,8.1,721
03-05-2021,AM,CM,34.85,,4.1,8.2,721
03-06-2021,AM,CM,38.25,,4.1,8.2,721
03-01-2021,AM,CM,13.79,,4,8.3,723
03-02-2021,AM,CM,13.59,,4,8.2,723
03-03-2021,AM,CM,12.72,,4.2,8.1,723
03-04-2021,AM,CM,12.62,,4,8.2,723
03-05-2021,AM,CM,12.14,,4.1,8.1,723
03-06-2021,AM,CM,13.59,,3.9,8,723
03-01-2021,AM,CM,11.65,,4.1,8.3,724
03-02-2021,AM,CM,11.65,,3.9,8.2,724
03-03-2021,AM,CM,11.46,,3.9,8.2,724
03-04-2021,AM,CM,11.65,,3.9,8.1,724
03-05-2021,AM,CM,10.78,,4,8.1,724
03-06-2021,AM,CM,12.23,,3.7,8,724
03-01-2021,AM,CM,180.49,,4.2,8.3,801
03-02-2021,AM,CM,198.25,,4.2,8.3,801
03-03-2021,AM,CM,131.26,,4.3,8.3,801
03-04-2021,AM,CM,192.52,,4.2,8.4,801
03-05-2021,AM,CM,230.1,,4.3,8.4,801
03-06-2021,AM,CM,153.69,,4.3,8.4,801
03-01-2021,AM,CM,90.68,,4.2,8.3,802
03-02-2021,AM,CM,68.06,,4.2,8.2,802
03-03-2021,AM,CM,94.17,,4.2,8.3,802
03-04-2021,AM,CM,87.77,,4.3,8.3,802
03-05-2021,AM,CM,98.74,,4.3,8.3,802
03-06-2021,AM,CM,95.34,,4.2,8.3,802
03-01-2021,AM,CM,14.85,,4,8,925
03-01-2021,AM,CM,4.47,,4.1,8.2,928
03-04-2021,AM,CM,5.05,,4.1,8.2,928
03-05-2021,AM,CM,5.15,,4.2,8.3,928
03-01-2021,AM,CM,14.37,,4.1,8.2,931
03-02-2021,AM,CM,27.86,,4,8.1,931
03-03-2021,AM,CM,4.47,,4.2,8.3,931
03-04-2021,AM,CM,18.83,,3.9,8,931
03-01-2021,AM,CM,2.04,,4.2,8.2,933
03-04-2021,AM,CM,1.55,,4.2,8.3,933
03-05-2021,AM,CM,1.46,,4.2,8.2,933
03-01-2021,PM,CM,272.43,,4.2,8.4,102
03-02-2021,PM,CM,269.42,,4.3,8.4,102
03-03-2021,PM,CM,281.75,,4.5,8.3,102
03-04-2021,PM,CM,292.91,,4.5,8.4,102
03-05-2021,PM,CM,267.86,,4.4,8.3,102
03-06-2021,PM,CM,261.55,,4.5,8.4,102
03-01-2021,PM,CM,185.83,,4.4,8.4,105
03-02-2021,PM,CM,220.49,,4.3,8.6,105
03-03-2021,PM,CM,223.11,,4.3,8.6,105
03-04-2021,PM,CM,225.83,,4.4,8.4,105
03-05-2021,PM,CM,243.01,,4.3,8.3,105
03-06-2021,PM,CM,239.51,,4.3,8.6,105
03-05-2021,PM,CM,37.96,,4.1,8.1,303
03-01-2021,PM,CM,15.15,,4,8,306
03-01-2021,PM,CM,13.59,,4,8.4,307
03-02-2021,PM,CM,19.61,,4.1,8.1,307
03-03-2021,PM,CM,20.39,,4.2,8.4,307
03-04-2021,PM,CM,15.63,,4.1,8.1,307
03-01-2021,PM,CM,31.94,,4.2,8.4,308
03-02-2021,PM,CM,29.13,,4.2,8.4,308
03-03-2021,PM,CM,26.31,,4,8,308
03-04-2021,PM,CM,30.1,,4.2,8.2,308
03-01-2021,PM,CM,15.83,,4,8.4,315
03-02-2021,PM,CM,16.5,,4.3,8.4,315
03-06-2021,PM,CM,13.88,,4,8.1,315
03-03-2021,PM,CM,14.66,,4.2,8.3,315
03-04-2021,PM,CM,15.24,,4,8.3,315
03-05-2021,PM,CM,18.06,,3.9,8.2,315
03-01-2021,PM,CM,37.86,,3.9,8.3,316
03-02-2021,PM,CM,40.1,,4.1,8.2,316
03-05-2021,PM,CM,37.86,,4,8.2,316
03-06-2021,PM,CM,37.09,,4.1,8.2,316
03-03-2021,PM,CM,35.92,,3.8,8,316
03-04-2021,PM,CM,36.99,,4.2,8.2,316
03-04-2021,PM,CM,4.17,,4.1,8.2,322
03-05-2021,PM,CM,3.98,,4,8,322
03-06-2021,PM,CM,9.71,,4,8.2,322
03-05-2021,PM,CM,46.8,,4.2,8.4,325
03-06-2021,PM,CM,90.68,,4.4,8.2,325
03-01-2021,PM,CM,6.89,,4,8.1,701
03-02-2021,PM,CM,5.44,,4.1,8.1,701
03-03-2021,PM,CM,4.47,,3.8,8.2,701
03-04-2021,PM,CM,4.17,,3.7,7.9,701
03-05-2021,PM,CM,4.27,,4,8.1,701
03-06-2021,PM,CM,2.72,,3.8,8.2,701
03-01-2021,PM,CM,52.23,,4,8,702
03-02-2021,PM,CM,48.83,,3.7,7.6,702
03-04-2021,PM,CM,44.08,,4.1,8,702
03-05-2021,PM,CM,58.25,,3.3,7.5,702
03-06-2021,PM,CM,46.6,,3.6,7.6,702
03-01-2021,PM,CM,29.22,,4,8.2,705
03-02-2021,PM,CM,29.03,,4.1,8.2,705
03-03-2021,PM,CM,22.82,,4,8.1,705
03-04-2021,PM,CM,14.76,,4.1,8.2,705
03-05-2021,PM,CM,17.28,,4.1,8.2,705
03-06-2021,PM,CM,20.39,,4,8,705
03-01-2021,PM,CM,10,,4.2,8.2,706
03-02-2021,PM,CM,10.19,,4.2,8.3,706
03-05-2021,PM,CM,12.04,,4.1,8.2,706
03-06-2021,PM,CM,10.49,,4,8.2,706
03-03-2021,PM,CM,9.81,,4.2,8.3,706
03-04-2021,PM,CM,10.39,,4,8,706
03-01-2021,PM,CM,51.84,,4.1,8,708
03-02-2021,PM,CM,54.56,,4,8,708
03-03-2021,PM,CM,54.56,,4.2,8.2,708
03-04-2021,PM,CM,54.27,,4.2,8.2,708
03-05-2021,PM,CM,47.77,,4,8,708
03-06-2021,PM,CM,39.42,,4,8,708
03-01-2021,PM,CM,25.53,,4.1,8.1,714
03-02-2021,PM,CM,20.19,,4.1,8.1,714
03-03-2021,PM,CM,25.92,,4,8.2,714
03-04-2021,PM,CM,26.41,,4.1,8.1,714
03-05-2021,PM,CM,25.34,,4.1,8.1,714
03-06-2021,PM,CM,31.65,,4.2,8.3,714
03-01-2021,PM,CM,17.28,,4.3,8.3,715
03-02-2021,PM,CM,20,,4.2,8.2,715
03-03-2021,PM,CM,18.93,,4.2,8.2,715
03-04-2021,PM,CM,20.78,,4.2,8.4,715
03-05-2021,PM,CM,23.3,,4.2,8.4,715
03-06-2021,PM,CM,14.56,,4.2,8.5,715
03-01-2021,PM,CM,36.31,,4.1,8.3,716
03-02-2021,PM,CM,45.34,,4.1,8.2,716
03-03-2021,PM,CM,34.47,,4.2,8.3,716
03-04-2021,PM,CM,37.67,,4.2,8.3,716
03-05-2021,PM,CM,40.97,,4.2,8.3,716
03-06-2021,PM,CM,41.75,,4.2,8.2,716
03-01-2021,PM,CM,22.62,,4,8,719
03-02-2021,PM,CM,25.24,,4.2,8.3,719
03-03-2021,PM,CM,24.95,,4.1,8.1,719
03-04-2021,PM,CM,27.38,,4,8,719
03-05-2021,PM,CM,20.78,,4.2,8.2,719
03-06-2021,PM,CM,19.42,,3.8,8,719
03-01-2021,PM,CM,9.32,,4,8.1,721
03-02-2021,PM,CM,11.75,,4.1,8.2,721
03-03-2021,PM,CM,10.49,,4,8.2,721
03-04-2021,PM,CM,9.03,,4.2,8.1,721
03-05-2021,PM,CM,19.9,,4.1,8.1,721
03-06-2021,PM,CM,13.5,,3.6,8,721
03-01-2021,PM,CM,7.77,,4.1,8.1,722
03-02-2021,PM,CM,1.55,,4,8,722
03-03-2021,PM,CM,7.77,,4.1,8.2,722
03-04-2021,PM,CM,6.8,,4.1,8.1,722
03-05-2021,PM,CM,8.25,,4.1,8.2,722
03-06-2021,PM,CM,6.02,,4.1,8.1,722
03-01-2021,PM,CM,12.52,,3.9,8.2,723
03-02-2021,PM,CM,11.46,,4,8.2,723
03-03-2021,PM,CM,11.84,,4,8.1,723
03-04-2021,PM,CM,12.62,,4,8.1,723
03-05-2021,PM,CM,12.91,,4.1,8,723
03-06-2021,PM,CM,12.14,,4.1,8.2,723
03-01-2021,PM,CM,9.42,,3.9,8.2,724
03-02-2021,PM,CM,8.93,,4,8,724
03-03-2021,PM,CM,9.61,,3.8,8.2,724
03-04-2021,PM,CM,10.1,,4,8,724
03-05-2021,PM,CM,9.71,,4.1,8.1,724
03-06-2021,PM,CM,9.03,,3.7,8,724
03-01-2021,PM,CM,131.26,,4.3,8.4,801
03-02-2021,PM,CM,137.48,,4.2,8.4,801
03-03-2021,PM,CM,67.38,,4.2,8.3,801
03-04-2021,PM,CM,148.83,,4.3,8.4,801
03-05-2021,PM,CM,77.77,,4.3,8.3,801
03-06-2021,PM,CM,107.48,,4.2,8.3,801
03-01-2021,PM,CM,50.68,,4.4,8.3,802
03-02-2021,PM,CM,56.12,,4.3,8.3,802
03-03-2021,PM,CM,43.5,,4.2,8.5,802
03-04-2021,PM,CM,49.22,,4.2,8.3,802
03-05-2021,PM,CM,46.21,,4.1,8.2,802
03-06-2021,PM,CM,39.42,,4.2,8.3,802
03-01-2021,PM,CM,16.7,,4.1,8.1,925
03-02-2021,PM,CM,6.31,,4.1,8.1,925
03-06-2021,PM,CM,24.85,,4,8.1,925
03-02-2021,PM,CM,4.37,,4.2,8.2,928
03-01-2021,PM,CM,93.4,,4,8,931
03-02-2021,PM,CM,54.17,,4.2,8.1,931
03-03-2021,PM,CM,117.48,,4,8,931
03-04-2021,PM,CM,96.5,,3.8,8,931
03-05-2021,PM,CM,95.34,,3.8,7.8,931
03-06-2021,PM,CM,91.46,,3.6,8,931
03-02-2021,PM,CM,1.94,,4.2,8.2,933
03-03-2021,PM,CM,1.84,,4.2,8.2,933
03-10-2021,AM,CM,276.6,,4.3,8.4,102
03-11-2021,AM,CM,257.86,,4.4,8.3,102
03-12-2021,AM,CM,286.41,,4.2,8.4,102
03-07-2021,AM,CM,273.98,,4.2,8.4,102
03-08-2021,AM,CM,252.72,,4.4,8.3,102
03-09-2021,AM,CM,316.02,,4.5,8.4,102
03-10-2021,AM,CM,237.28,,4.2,8.6,102
03-11-2021,AM,CM,286.6,,4.3,8.4,105
03-12-2021,AM,CM,293.01,,4.3,8.4,105
03-07-2021,AM,CM,281.55,,4.3,8.6,105
03-08-2021,AM,CM,321.36,,4.3,8.4,105
03-09-2021,AM,CM,308.64,,4.5,8.4,105
03-07-2021,AM,CM,281.07,,4.4,8.6,105
03-08-2021,AM,CM,201.07,,4.2,8.5,105
03-09-2021,AM,CM,159.51,,4.3,8.5,107
03-10-2021,AM,CM,211.65,,4.3,8.4,107
03-11-2021,AM,CM,302.04,,4.2,8.4,107
03-12-2021,AM,CM,202.04,,4.3,8.4,107
03-07-2021,AM,CM,10.29,,4,8.1,107
03-08-2021,AM,CM,10.1,,4,8.2,107
03-09-2021,AM,CM,10.19,,4,8.1,107
03-10-2021,AM,CM,10.29,,4.1,8,305
03-11-2021,AM,CM,10.19,,4.2,8.4,305
03-12-2021,AM,CM,10.19,,4.2,8.3,305
03-12-2021,AM,CM,34.17,,4.2,8.2,305
03-12-2021,AM,CM,37.48,,4,8.2,305
03-07-2021,AM,CM,10.87,,3.9,8,305
03-08-2021,AM,CM,10.39,,3.7,8,305
03-09-2021,AM,CM,7.09,,4,8.2,307
03-11-2021,AM,CM,16.99,,4.1,8.1,307
03-12-2021,AM,CM,6.99,,3.9,8.1,308
03-10-2021,AM,CM,19.03,,4.3,8.4,308
03-11-2021,AM,CM,16.99,,4,8.1,313
03-12-2021,AM,CM,20.97,,4,8,313
03-07-2021,AM,CM,27.96,,4,8.2,313
03-08-2021,AM,CM,16.6,,4.3,8.4,313
03-09-2021,AM,CM,19.03,,4.1,8.1,313
03-11-2021,AM,CM,22.43,,4.1,8.2,315
03-12-2021,AM,CM,21.94,,4.2,8.3,315
03-09-2021,AM,CM,33.5,,4.1,8.2,315
03-10-2021,AM,CM,33.79,,4.2,8.4,315
03-07-2021,AM,CM,37.09,,4,8.1,315
03-08-2021,AM,CM,33.2,,4,8.1,315
03-07-2021,AM,CM,7.57,,4.1,8.2,315
03-08-2021,AM,CM,6.89,,4.2,8.2,316
03-09-2021,AM,CM,7.77,,4.1,8.2,316
03-10-2021,AM,CM,7.09,,4.2,8.2,316
03-11-2021,AM,CM,9.03,,4.2,8.2,316
03-12-2021,AM,CM,7.77,,4.2,8.2,316
03-07-2021,AM,CM,134.56,,4.3,8.4,316
03-08-2021,AM,CM,112.43,,4.4,8.4,316
03-09-2021,AM,CM,112.14,,4.3,8.3,320
03-10-2021,AM,CM,69.32,,4.2,8.4,320
03-11-2021,AM,CM,76.99,,4,8.2,320
03-10-2021,AM,CM,5.44,,4.1,8.1,320
03-11-2021,AM,CM,4.85,,3.9,8,320
03-12-2021,AM,CM,4.95,,3.9,8.1,320
03-07-2021,AM,CM,7.77,,3.8,8.1,320
03-08-2021,AM,CM,5.24,,4,8.1,325
03-09-2021,AM,CM,4.47,,4.2,8.2,325
03-11-2021,AM,CM,43.69,,4,8.2,325
03-12-2021,AM,CM,54.17,,3.6,7.6,325
03-08-2021,AM,CM,58.83,,3.5,7.5,325
03-09-2021,AM,CM,64.08,,3.8,8,701
03-10-2021,AM,CM,40.1,,3.6,7.8,701
03-07-2021,AM,CM,67.09,,3.5,7.5,701
03-07-2021,AM,CM,9.42,,4.2,8.3,701
03-08-2021,AM,CM,9.81,,4,8,701
03-09-2021,AM,CM,9.9,,4.3,8.4,701
03-10-2021,AM,CM,10.49,,4.2,8.3,701
03-11-2021,AM,CM,10.19,,4.2,8.3,702
03-12-2021,AM,CM,10.1,,4,8.4,702
03-09-2021,AM,CM,4.17,,3.9,8.2,702
03-10-2021,AM,CM,5.83,,4,8.1,702
03-12-2021,AM,CM,6.5,,4.1,8.1,702
3-13-2021,PM,CM,1.84,,3.9,8,702
3-19-2021,AM,CM,303.88,,4.3,8.5,702
3-20-2021,AM,CM,319.22,,4.2,8.4,704
3-16-2021,AM,CM,287.09,,4.2,8.5,704
3-17-2021,AM,CM,292.82,,4.2,8.4,704
3-18-2021,AM,CM,296.21,,4.4,8.4,704
3-14-2021,AM,CM,301.26,,4.2,8.4,704
3-15-2021,AM,CM,292.62,,4.3,8.4,704
3-19-2021,AM,CM,279.61,,4.2,8.4,704
3-20-2021,AM,CM,238.35,,4.2,8.4,705
3-16-2021,AM,CM,290.58,,4.3,8.4,705
3-17-2021,AM,CM,239.13,,4.5,8.4,705
3-18-2021,AM,CM,255.34,,4.2,8.3,708
3-14-2021,AM,CM,303.4,,4.2,8.4,708
3-15-2021,AM,CM,318.83,,4.3,8.4,708
3-20-2021,AM,CM,280,,4.3,8.3,708
3-14-2021,AM,CM,199.32,,4.2,8.4,708
3-15-2021,AM,CM,199.71,,4.4,8.3,708
3-16-2021,AM,CM,200.58,,4.3,8.4,708
3-17-2021,AM,CM,238.35,,4.3,8.3,714
3-18-2021,AM,CM,202.33,,4.4,8.4,714
3-19-2021,AM,CM,255.83,,4.4,8.4,714
3-14-2021,AM,CM,10.29,,4.1,8,714
3-15-2021,AM,CM,10.29,,4,8.2,714
3-16-2021,AM,CM,10.29,,4.2,8.1,714
3-17-2021,AM,CM,10.39,,4,8.3,714
3-14-2021,AM,CM,45.15,,4,8.1,715
3-15-2021,AM,CM,36.12,,4.2,8.2,715
3-14-2021,AM,CM,40.49,,4,8.2,715
3-15-2021,AM,CM,39.32,,4.1,8.1,715
3-17-2021,AM,CM,24.56,,4.1,8.1,715
3-18-2021,AM,CM,10.19,,4.2,8.4,715
3-14-2021,AM,CM,15.34,,4,8.1,715
3-16-2021,AM,CM,19.9,,3.9,8.3,716
3-17-2021,AM,CM,25.83,,4,8.3,716
3-18-2021,AM,CM,20.39,,4,8.1,716
3-14-2021,AM,CM,26.8,,4.1,8,716
3-15-2021,AM,CM,25.05,,3.9,8.2,716
3-18-2021,AM,CM,39.71,,4.3,8.4,716
3-15-2021,AM,CM,36.7,,4,8.4,716
3-16-2021,AM,CM,32.72,,4,8.2,719
3-17-2021,AM,CM,39.03,,4.1,8.1,719
3-14-2021,AM,CM,28.83,,4.1,8.1,719
3-14-2021,AM,CM,7.09,,4.2,8.3,719
3-16-2021,AM,CM,6.21,,4.1,8.2,719
3-17-2021,AM,CM,4.27,,4.1,8.2,719
3-18-2021,AM,CM,4.17,,4.2,8.3,719
3-19-2021,AM,CM,2.91,,4,8,721
3-20-2021,AM,CM,3.11,,3.9,8.1,721
3-16-2021,AM,CM,5.05,,4,8.1,721
3-17-2021,AM,CM,3.98,,4,8,721
3-18-2021,AM,CM,4.66,,4.1,8.2,721
3-14-2021,AM,CM,3.98,,4,8.2,721
3-15-2021,AM,CM,4.37,,4,8.1,721
3-20-2021,AM,CM,67.77,,3.5,7.3,722
3-17-2021,AM,CM,71.17,,3.6,7.6,723
3-18-2021,AM,CM,58.25,,3.6,7.7,723
3-19-2021,AM,CM,77.77,,3.7,7.6,723
3-14-2021,AM,CM,66.6,,3.7,7.7,723
3-15-2021,AM,CM,65.73,,3.6,7.7,723
3-16-2021,AM,CM,72.72,,3.5,7.6,723
3-19-2021,AM,CM,32.62,,4.1,8.3,723
3-20-2021,AM,CM,34.85,,4.2,8.3,724
3-14-2021,AM,CM,10,,4.1,8.2,724
3-15-2021,AM,CM,9.51,,4.2,8.3,724
3-16-2021,AM,CM,30.49,,4,8.5,724
3-17-2021,AM,CM,31.55,,4,8.3,724
3-18-2021,AM,CM,31.75,,4,8.2,724
3-17-2021,AM,CM,8.35,,4,8.3,724
3-19-2021,AM,CM,5.15,,3.9,8.3,801
3-15-2021,AM,CM,6.02,,4,8.4,801
3-16-2021,AM,CM,4.37,,4,8,801
3-19-2021,AM,CM,57.57,,4,8.1,801
3-20-2021,AM,CM,56.8,,4.1,8.1,801
3-16-2021,AM,CM,56.6,,4,8.1,801
3-17-2021,AM,CM,54.95,,4.1,8.1,801
3-18-2021,AM,CM,56.7,,4.1,8.1,802
3-14-2021,AM,CM,54.47,,4,8.1,802
3-15-2021,AM,CM,55.63,,4.1,8.1,802
3-19-2021,AM,CM,28.74,,4.3,8.3,802
3-20-2021,AM,CM,26.6,,4.3,8.3,802
3-16-2021,AM,CM,9.71,,4.1,8.3,802
3-17-2021,AM,CM,18.06,,4.2,8.3,802
3-18-2021,AM,CM,18.45,,4.4,8.3,803
3-14-2021,AM,CM,17.18,,4.2,8.3,803
3-15-2021,AM,CM,27.48,,4.2,8.3,928
3-19-2021,AM,CM,29.13,,4.2,8.4,928
3-20-2021,AM,CM,32.62,,4.1,8.4,928
3-16-2021,AM,CM,25.05,,4.4,8.4,931
3-17-2021,AM,CM,18.74,,4.2,8.4,931
3-18-2021,AM,CM,29.61,,4.2,8.2,931
3-14-2021,AM,CM,24.85,,4.2,8.3,931
3-15-2021,AM,CM,19.81,,4.2,8.3,931
3-19-2021,AM,CM,68.06,,4.1,8.4,931
3-20-2021,AM,CM,55.44,,4.1,8.3,931
3-16-2021,AM,CM,66.02,,4.3,8.4,933
3-17-2021,AM,CM,68.93,,4.1,8.3,933
3-18-2021,AM,CM,65.63,,4.1,8.3,933
3-14-2021,AM,CM,58.74,,4.4,8.4,102
3-15-2021,AM,CM,64.17,,4,8.3,102
3-19-2021,AM,CM,23.59,,4,8,102
3-20-2021,AM,CM,31.17,,3.9,8.1,102
3-16-2021,AM,CM,30.78,,4.1,8.2,102
3-17-2021,AM,CM,32.43,,4,8.1,102
3-18-2021,AM,CM,33.98,,4,8.1,102
3-14-2021,AM,CM,27.18,,4,8.1,105
3-15-2021,AM,CM,26.31,,4,8.5,105
3-20-2021,AM,CM,9.32,,4,8.1,105
3-17-2021,AM,CM,12.62,,4.1,8.1,105
3-18-2021,AM,CM,14.95,,4.1,8.1,105
3-19-2021,AM,CM,10,,4,8.1,105
3-14-2021,AM,CM,46.7,,4.1,8.2,105
3-15-2021,AM,CM,3.88,,4.1,8.2,307
3-16-2021,AM,CM,36.6,,4,8.1,307
3-19-2021,AM,CM,13.69,,3.9,8,307
3-20-2021,AM,CM,13.79,,4,8.1,308
3-16-2021,AM,CM,12.52,,4,8.1,308
3-17-2021,AM,CM,13.69,,3.9,8.1,308
3-18-2021,AM,CM,12.04,,3.9,8.2,315
3-14-2021,AM,CM,11.75,,4.1,8.1,315
3-15-2021,AM,CM,13.11,,4,8.1,315
3-19-2021,AM,CM,6.99,,3.7,7.9,315
3-20-2021,AM,CM,7.28,,3.9,7.8,315
3-16-2021,AM,CM,8.25,,3.8,8,315
3-17-2021,AM,CM,8.54,,3.7,7.8,315
3-18-2021,AM,CM,7.77,,3.8,8,316
3-14-2021,AM,CM,7.38,,3.7,7.9,316
3-15-2021,AM,CM,6.8,,3.7,8,316
3-19-2021,AM,CM,195.63,,4.2,8.3,316
3-20-2021,AM,CM,187.77,,4.2,8.4,316
3-16-2021,AM,CM,157.86,,4.2,8.3,316
3-17-2021,AM,CM,140.19,,4.3,8.4,316
3-18-2021,AM,CM,195.15,,4.3,8.3,322
3-14-2021,AM,CM,163.11,,4.3,8.3,322
3-15-2021,AM,CM,187.48,,4.4,8.4,325
3-19-2021,AM,CM,156.41,,4.3,8.4,325
3-20-2021,AM,CM,163.88,,4.2,8.4,325
3-16-2021,AM,CM,97.57,,4.3,8.4,325
3-17-2021,AM,CM,104.37,,4.3,8.4,701
3-18-2021,AM,CM,101.17,,4.3,8.5,701
3-14-2021,AM,CM,136.8,,4.2,8.3,701
3-15-2021,AM,CM,128.83,,4.3,8.4,701
3-14-2021,AM,CM,39.9,,4.1,8.4,701
3-15-2021,AM,CM,39.13,,4.2,8.2,701
3-16-2021,AM,CM,39.51,,4.3,8.3,701
3-18-2021,AM,CM,38.06,,4.2,8.4,702
3-18-2021,AM,CM,19.51,,3.9,8.4,702
3-19-2021,AM,CM,24.56,,3.8,8.1,702
3-14-2021,AM,CM,5.15,,4,8.2,702
3-16-2021,AM,CM,16.8,,4.2,8.1,702
3-17-2021,AM,CM,26.89,,4,8,702
3-14-2021,AM,CM,1.84,,4.2,8.2,702
3-19-2021,PM,CM,298.54,,4.3,8.3,705
3-20-2021,PM,CM,298.25,,4.3,8.5,705
3-16-2021,PM,CM,287.18,,4.4,8.4,705
3-17-2021,PM,CM,280.29,,4.3,8.3,705
3-18-2021,PM,CM,311.26,,4.2,8.4,705
3-14-2021,PM,CM,273.69,,4.2,8.4,705
3-15-2021,PM,CM,290.29,,4.3,8.3,705
3-19-2021,PM,CM,172.33,,4.3,8.4,706
3-20-2021,PM,CM,223.3,,4.4,8.3,706
3-16-2021,PM,CM,219.13,,4.4,8.4,706
3-17-2021,PM,CM,201.26,,4.3,8.5,706
3-18-2021,PM,CM,208.83,,4.2,8.4,706
3-14-2021,PM,CM,240.1,,4.3,8.4,706
3-15-2021,PM,CM,220.58,,4.3,8.3,706
3-14-2021,PM,CM,25.24,,4.2,8.3,708
3-14-2021,PM,CM,33.2,,4.2,8.4,708
3-16-2021,PM,CM,19.9,,4.1,8.3,708
3-17-2021,PM,CM,18.54,,4,8.2,708
3-18-2021,PM,CM,15.15,,4.2,8.3,708
3-14-2021,PM,CM,13.59,,4.3,8.4,708
3-17-2021,PM,CM,13.69,,3.9,8.2,708
3-18-2021,PM,CM,39.13,,4.3,8.4,714
3-16-2021,PM,CM,39.61,,4,8.1,714
3-14-2021,PM,CM,36.99,,4,8.1,714
3-14-2021,PM,CM,6.8,,4.2,8.2,714
3-16-2021,PM,CM,10.49,,4.1,8.2,714
3-17-2021,PM,CM,5.05,,4.2,8.2,714
3-19-2021,PM,CM,3.69,,3.9,8,714
3-20-2021,PM,CM,3.11,,3.8,8.1,715
3-16-2021,PM,CM,3.3,,3.9,8,715
3-17-2021,PM,CM,3.5,,4,8,715
3-18-2021,PM,CM,3.4,,3.8,8,715
3-14-2021,PM,CM,4.76,,3.8,8,715
3-15-2021,PM,CM,4.08,,3.9,8.1,715
3-19-2021,PM,CM,43.4,,3.4,7.6,715
3-20-2021,PM,CM,42.91,,3.5,7.5,716
3-16-2021,PM,CM,47.57,,3.5,7.5,716
3-17-2021,PM,CM,44.17,,3.5,7.6,716
3-18-2021,PM,CM,44.56,,3.4,7.5,716
3-14-2021,PM,CM,45.92,,3.5,7.6,716
3-15-2021,PM,CM,46.7,,3.5,7.6,716
3-20-2021,PM,CM,24.85,,4,8.3,716
3-16-2021,PM,CM,24.08,,4,8.3,719
3-17-2021,PM,CM,14.76,,3.9,8.2,719
3-18-2021,PM,CM,10.1,,3.9,8.3,719
3-19-2021,PM,CM,17.67,,3.9,8.1,719
3-14-2021,PM,CM,10.68,,3.8,8.2,719
3-15-2021,PM,CM,30.87,,4,8.3,719
3-20-2021,PM,CM,9.9,,4.2,8.2,719
3-17-2021,PM,CM,10.19,,4.2,8.2,721
3-18-2021,PM,CM,10.29,,4,8.2,721
3-19-2021,PM,CM,10.19,,4,8.2,721
3-15-2021,PM,CM,10.49,,4.1,8.2,721
3-16-2021,PM,CM,10.68,,4.1,8.2,721
3-14-2021,PM,CM,8.16,,4.1,8.2,721
3-19-2021,PM,CM,56.99,,3.9,8.1,722
3-20-2021,PM,CM,57.48,,4,8.1,722
3-16-2021,PM,CM,53.79,,4,8.1,722
3-17-2021,PM,CM,55.73,,4,8.1,722
3-18-2021,PM,CM,57.57,,4,8.1,722
3-14-2021,PM,CM,54.66,,3.8,8.1,722
3-15-2021,PM,CM,51.55,,4,8.2,722
3-19-2021,PM,CM,5.05,,4.1,8.3,723
3-20-2021,PM,CM,9.03,,4.4,8.4,723
3-16-2021,PM,CM,16.5,,4.3,8.4,723
3-17-2021,PM,CM,10.29,,4.3,8.4,723
3-18-2021,PM,CM,11.55,,4.2,8.4,723
3-14-2021,PM,CM,10.97,,4.3,8.4,723
3-15-2021,PM,CM,16.6,,4,8.4,723
3-19-2021,PM,CM,28.64,,4.3,8.5,724
3-20-2021,PM,CM,21.94,,4.1,8.5,724
3-16-2021,PM,CM,24.37,,4.2,8.4,724
3-17-2021,PM,CM,25.73,,4.3,8.5,724
3-18-2021,PM,CM,31.65,,4.4,8.5,724
3-14-2021,PM,CM,28.35,,4.2,8.5,724
3-15-2021,PM,CM,28.35,,4.1,8.3,724
3-19-2021,PM,CM,40.39,,4.4,8.4,801
3-20-2021,PM,CM,42.91,,4,8.4,801
3-16-2021,PM,CM,44.47,,4.1,8.5,801
3-17-2021,PM,CM,50.87,,4.4,8.4,801
3-18-2021,PM,CM,50.68,,4.4,8.5,801
3-14-2021,PM,CM,44.17,,4.3,8.4,801
3-15-2021,PM,CM,52.52,,4.3,8.5,801
3-19-2021,PM,CM,20.87,,3.9,8,802
3-20-2021,PM,CM,21.84,,3.9,8.1,802
3-16-2021,PM,CM,24.37,,4.2,8,802
3-17-2021,PM,CM,22.72,,4.2,8,802
3-18-2021,PM,CM,23.5,,4.2,8,802
3-14-2021,PM,CM,24.17,,4.2,8,802
3-15-2021,PM,CM,20.78,,4.3,8,802
3-19-2021,PM,CM,25.05,,4,8,803
3-20-2021,PM,CM,16.31,,4,8.1,931
3-16-2021,PM,CM,18.54,,4,8.1,931
3-17-2021,PM,CM,14.85,,3.9,8.1,931
3-18-2021,PM,CM,22.62,,4,8.1,931
3-14-2021,PM,CM,13.2,,4,8,931
3-15-2021,PM,CM,21.46,,4,8,931
3-18-2021,PM,CM,2.33,,4.1,8.2,931
3-19-2021,PM,CM,38.45,,4,8.1,933
3-20-2021,PM,CM,6.6,,4.1,8.2,933
3-14-2021,PM,CM,5.83,,4.2,8.2,933
3-15-2021,PM,CM,7.57,,4,8.1,933
3-16-2021,PM,CM,6.5,,4.1,8.2,102
3-17-2021,PM,CM,4.08,,4.2,8.3,102
3-19-2021,PM,CM,12.62,,3.9,8,102
3-20-2021,PM,CM,12.72,,3.8,8,102
3-16-2021,PM,CM,12.04,,3.9,8,102
3-17-2021,PM,CM,11.36,,3.9,8,102
3-18-2021,PM,CM,12.82,,3.9,8,102
3-14-2021,PM,CM,12.04,,3.9,8.1,105
3-15-2021,PM,CM,11.94,,3.8,8,105
3-19-2021,PM,CM,6.02,,3.6,7.8,105
3-20-2021,PM,CM,6.02,,3.7,7.9,105
3-16-2021,PM,CM,6.21,,3.7,7.9,105
3-17-2021,PM,CM,6.31,,3.6,7.9,105
3-18-2021,PM,CM,6.89,,3.5,7.9,105
3-14-2021,PM,CM,6.41,,3.7,7.8,107
3-15-2021,PM,CM,6.12,,3.7,7.9,107
3-19-2021,PM,CM,155.73,,4.2,8.3,107
3-20-2021,PM,CM,160.58,,4.2,8.3,107
3-16-2021,PM,CM,179.51,,4.3,8.4,107
3-17-2021,PM,CM,133.11,,4.2,8.3,107
3-18-2021,PM,CM,151.75,,4.2,8.2,107
3-14-2021,PM,CM,148.54,,4.3,8.3,305
3-15-2021,PM,CM,134.85,,4.3,8.4,305
3-19-2021,PM,CM,104.37,,4.3,8.5,305
3-20-2021,PM,CM,114.66,,4.3,8.4,305
3-16-2021,PM,CM,38.54,,4.3,8.5,307
3-17-2021,PM,CM,83.69,,4.3,8.3,307
3-18-2021,PM,CM,103.59,,4.2,8.4,308
3-14-2021,PM,CM,87.18,,4.4,8.4,308
3-15-2021,PM,CM,38.25,,4.3,8.4,308
3-17-2021,PM,CM,97.28,,4.2,8.3,308
3-18-2021,PM,CM,108.35,,3.7,7.9,313
3-19-2021,PM,CM,81.07,,3.8,7.9,315
3-20-2021,PM,CM,127.18,,3.7,7.9,315
3-14-2021,PM,CM,104.27,,4,8.3,315
3-15-2021,PM,CM,103.59,,4,8.1,315
3-16-2021,PM,CM,102.82,,4,8.2,315
3-15-2021,PM,CM,1.75,,4,8.1,316
3-16-2021,PM,CM,1.84,,4,8.1,316
3-18-2021,PM,CM,2.04,,4.2,8.3,316
3-19-2021,PM,CM,2.04,,3.9,8,316
3-20-2021,PM,CM,2.04,,3.9,8,316
3-25-2021,AM,CM,265.44,,4.2,8.3,320
3-26-2021,AM,CM,299.42,,4.2,8.3,320
3-27-2021,AM,CM,272.91,,4.2,8.3,320
3-22-2021,AM,CM,300.19,,4.1,8.2,320
3-23-2021,AM,CM,247.48,,4.1,8.2,701
3-24-2021,AM,CM,288.64,,4.2,8.3,701
3-21-2021,AM,CM,316.31,,4.1,8.2,701
3-25-2021,AM,CM,38.93,,3.9,8.2,701
3-26-2021,AM,CM,40.19,,4,8.1,701
3-27-2021,AM,CM,24.27,,4,8.2,701
3-25-2021,AM,CM,315.34,,4.3,8.2,701
3-26-2021,AM,CM,313.11,,4.3,8.3,702
3-27-2021,AM,CM,316.89,,4.3,8.3,702
3-22-2021,AM,CM,287.77,,4.2,8.1,702
3-23-2021,AM,CM,320.29,,4.1,8.2,702
3-24-2021,AM,CM,319.61,,4.3,8.2,702
3-21-2021,AM,CM,293.69,,4,8.2,702
3-25-2021,AM,CM,159.9,,4.1,8.4,702
3-26-2021,AM,CM,159.9,,4.1,8.3,704
3-27-2021,AM,CM,170,,4.2,8.3,704
3-21-2021,AM,CM,239.03,,4,8.2,704
3-22-2021,AM,CM,279.61,,4.1,8.2,704
3-23-2021,AM,CM,266.31,,4.2,8.3,704
3-24-2021,AM,CM,159.03,,4.1,8.3,704
3-26-2021,AM,CM,28.16,,3.7,7.9,704
3-27-2021,AM,CM,27.18,,3.7,7.7,705
3-25-2021,AM,CM,26.31,,3.6,7.8,705
3-23-2021,AM,CM,26.5,,3.7,7.7,705
3-24-2021,AM,CM,27.67,,3.7,7.6,705
3-22-2021,AM,CM,28.83,,3.8,7.7,708
3-21-2021,AM,CM,29.9,,3.5,7.7,708
3-21-2021,AM,CM,4.95,,3.9,8.1,708
3-22-2021,AM,CM,10.19,,4,8,708
3-23-2021,AM,CM,6.7,,4,8,708
3-27-2021,AM,CM,9.9,,4,8,708
3-24-2021,AM,CM,9.22,,3.6,7.9,708
3-25-2021,AM,CM,9.22,,3.9,8.1,714
3-26-2021,AM,CM,10.58,,4,8,714
3-21-2021,AM,CM,9.51,,4.4,8,714
3-22-2021,AM,CM,5.15,,4.2,8.1,714
3-23-2021,AM,CM,4.95,,4,8.1,714
3-27-2021,AM,CM,5.53,,4,7.9,714
3-24-2021,AM,CM,5.05,,4,8,714
3-25-2021,AM,CM,5.34,,4,8,715
3-26-2021,AM,CM,4.95,,3.9,8,715
3-21-2021,AM,CM,10,,4,8.2,715
3-22-2021,AM,CM,8.35,,4,8.1,715
3-23-2021,AM,CM,7.09,,3.9,8,715
3-27-2021,AM,CM,6.02,,3.9,7.9,715
3-24-2021,AM,CM,7.96,,3.6,7.9,715
3-25-2021,AM,CM,7.67,,3.8,7.9,716
3-26-2021,AM,CM,6.31,,4,8.1,716
3-21-2021,AM,CM,13.98,,4.1,8.1,716
3-22-2021,AM,CM,14.95,,4.1,8,716
3-23-2021,AM,CM,14.08,,4,8,716
3-27-2021,AM,CM,11.46,,3.9,8,716
3-24-2021,AM,CM,12.23,,4.1,8.1,716
3-25-2021,AM,CM,11.65,,4,8.1,719
3-26-2021,AM,CM,10.68,,4,8,719
3-27-2021,AM,CM,11.75,,3.8,8,719
3-26-2021,AM,CM,3.11,,3.9,8,719
3-27-2021,AM,CM,3.01,,4,8,719
3-23-2021,AM,CM,4.85,,4,8.1,719
3-24-2021,AM,CM,2.62,,4,8.1,719
3-25-2021,AM,CM,2.62,,4,8.1,721
3-21-2021,AM,CM,3.59,,4,8,721
3-22-2021,AM,CM,5.92,,4.1,8.1,721
3-26-2021,AM,CM,66.8,,3.6,7.7,721
3-27-2021,AM,CM,69.03,,3.4,7.5,721
3-23-2021,AM,CM,62.14,,3.6,7.7,721
3-24-2021,AM,CM,49.03,,3.6,7.9,721
3-25-2021,AM,CM,63.79,,3.4,7.8,723
3-21-2021,AM,CM,58.54,,3.6,7.7,723
3-22-2021,AM,CM,68.54,,3.5,7.6,723
3-27-2021,AM,CM,27.38,,3.8,8,723
3-21-2021,AM,CM,32.82,,3.8,8.1,723
3-23-2021,AM,CM,30.19,,3.8,8,723
3-24-2021,AM,CM,28.93,,3.8,8,723
3-25-2021,AM,CM,30,,3.9,8.1,724
3-22-2021,AM,CM,3.69,,4,8,724
3-26-2021,AM,CM,33.2,,4.1,8.2,724
3-26-2021,AM,CM,38.54,,4,8.1,724
3-27-2021,AM,CM,37.96,,4.1,8,724
3-25-2021,AM,CM,38.06,,4,8,724
3-23-2021,AM,CM,34.95,,4.1,8.1,724
3-24-2021,AM,CM,37.38,,4,8,801
3-22-2021,AM,CM,38.64,,4.1,8.2,801
3-21-2021,AM,CM,38.83,,4,8.1,801
3-25-2021,AM,CM,29.32,,3.9,8.1,801
3-26-2021,AM,CM,35.63,,4,8.1,801
3-27-2021,AM,CM,30.97,,4,8.1,801
3-22-2021,AM,CM,31.07,,4.1,8.1,801
3-23-2021,AM,CM,35.24,,4,8.2,802
3-24-2021,AM,CM,35.44,,4,8,802
3-21-2021,AM,CM,31.07,,4,8.1,802
3-25-2021,AM,CM,26.21,,4.2,8.2,802
3-26-2021,AM,CM,19.9,,4.2,8.2,802
3-27-2021,AM,CM,26.5,,4.1,8.2,802
3-22-2021,AM,CM,29.51,,4.2,8.2,802
3-23-2021,AM,CM,29.9,,4.2,8.2,803
3-24-2021,AM,CM,20.29,,4.2,8.2,803
3-21-2021,AM,CM,31.55,,4.1,8.2,803
3-25-2021,AM,CM,65.53,,4.2,8.2,803
3-26-2021,AM,CM,60.1,,4.1,8.2,931
3-27-2021,AM,CM,63.59,,4.2,8.2,931
3-22-2021,AM,CM,58.35,,4.1,8.2,931
3-23-2021,AM,CM,66.02,,4.1,8.1,931
3-24-2021,AM,CM,61.94,,4.1,8.2,931
3-21-2021,AM,CM,59.22,,4,8.1,933
3-25-2021,AM,CM,29.81,,3.9,8,102
3-26-2021,AM,CM,21.36,,4,8,102
3-27-2021,AM,CM,30.97,,3.9,8.1,102
3-22-2021,AM,CM,30.39,,4,8.1,102
3-23-2021,AM,CM,31.26,,4,8.1,102
3-24-2021,AM,CM,28.16,,3.9,8.1,102
3-21-2021,AM,CM,31.55,,4,8.1,102
3-23-2021,AM,CM,12.14,,4,8.1,105
3-21-2021,AM,CM,12.72,,4,8.2,105
3-22-2021,AM,CM,6.31,,4.1,8,105
3-25-2021,AM,CM,12.52,,3.7,8.1,105
3-26-2021,AM,CM,13.5,,4,8,105
3-27-2021,AM,CM,11.46,,3.9,8.1,105
3-22-2021,AM,CM,10.78,,4,8.1,105
3-23-2021,AM,CM,12.72,,4,8,307
3-24-2021,AM,CM,11.46,,3.9,8.1,308
3-21-2021,AM,CM,6.41,,3.9,7.9,315
3-25-2021,AM,CM,9.81,,3.5,8,315
3-26-2021,AM,CM,9.42,,3.7,7.8,315
3-27-2021,AM,CM,8.93,,3.5,8,315
3-22-2021,AM,CM,7.09,,3.7,7.9,316
3-23-2021,AM,CM,7.77,,3.7,8,316
3-24-2021,AM,CM,10.29,,3.5,8,316
3-21-2021,AM,CM,8.16,,3.6,7.9,316
3-21-2021,AM,CM,29.32,,4.2,8.2,322
3-22-2021,AM,CM,32.14,,4.2,8.2,322
3-23-2021,AM,CM,31.17,,4,8.1,322
3-27-2021,AM,CM,35.34,,4,8.2,701
3-24-2021,AM,CM,34.08,,4.2,8.2,701
3-25-2021,AM,CM,31.65,,4.1,8.2,701
3-26-2021,AM,CM,29.61,,4.2,8.2,701
3-21-2021,AM,CM,33.88,,4.1,8.2,701
3-22-2021,AM,CM,32.04,,4.1,8.2,701
3-23-2021,AM,CM,32.43,,4.1,8.2,701
3-27-2021,AM,CM,31.17,,4,8.2,702
3-24-2021,AM,CM,31.65,,4.1,8.1,702
3-25-2021,AM,CM,34.08,,4.2,8.2,702
3-26-2021,AM,CM,29.61,,4.1,8.2,702
3-26-2021,AM,CM,77.77,,4.2,8.3,702
3-27-2021,AM,CM,40.19,,4.3,8.3,702
3-22-2021,AM,CM,199.81,,4.2,8.2,702
3-23-2021,AM,CM,155.73,,4.2,8.3,705
3-24-2021,AM,CM,78.93,,4.2,8.3,705
3-25-2021,AM,CM,39.22,,4.1,8.2,705
3-21-2021,AM,CM,160.19,,4.2,8.2,705
3-25-2021,AM,CM,138.16,,4,8.3,705
3-26-2021,AM,CM,119.81,,4.2,8.2,705
3-27-2021,AM,CM,143.5,,4.2,8.3,705
3-22-2021,AM,CM,172.23,,4.2,8.1,706
3-23-2021,AM,CM,148.83,,4.1,8.2,706
3-24-2021,AM,CM,101.94,,4,8.2,706
3-21-2021,AM,CM,161.75,,4.1,8.2,706
3-25-2021,AM,CM,21.17,,3.9,8.1,706
3-26-2021,AM,CM,31.36,,3.9,8,706
3-27-2021,AM,CM,26.41,,3.9,8,706
3-22-2021,AM,CM,47.28,,4,8,708
3-23-2021,AM,CM,23.79,,4,8,708
3-24-2021,AM,CM,8.74,,4,8,708
3-27-2021,PM,CM,267.96,,4.2,8.3,708
3-25-2021,PM,CM,266.7,,4.1,8.3,708
3-26-2021,PM,CM,273.01,,4.1,8.3,708
3-22-2021,PM,CM,267.18,,4.2,8.3,708
3-23-2021,PM,CM,280.68,,4.1,8.3,714
3-24-2021,PM,CM,268.74,,4.1,8.2,714
3-21-2021,PM,CM,276.5,,4,8.2,714
3-25-2021,PM,CM,33.11,,3.9,8,714
3-26-2021,PM,CM,40,,4,8.1,714
3-27-2021,PM,CM,34.47,,3.9,8.1,714
3-27-2021,PM,CM,197.48,,4.1,8.3,714
3-25-2021,PM,CM,233.79,,4.2,8.3,715
3-26-2021,PM,CM,226.41,,4.2,8.3,715
3-22-2021,PM,CM,246.31,,4.1,8.4,715
3-23-2021,PM,CM,250.78,,4.2,8.3,715
3-24-2021,PM,CM,160.39,,4.3,8.3,715
3-21-2021,PM,CM,217.67,,4,8.2,715
3-24-2021,PM,CM,37.77,,4.3,8.2,715
3-27-2021,PM,CM,15.44,,3.7,7.6,716
3-26-2021,PM,CM,19.71,,3.5,7.6,716
3-24-2021,PM,CM,17.96,,3.6,7.5,716
3-25-2021,PM,CM,21.07,,3.6,7.7,716
3-23-2021,PM,CM,20.29,,3.5,7.6,716
3-21-2021,PM,CM,20.87,,3.5,7.5,716
3-22-2021,PM,CM,20.1,,3.6,7.7,716
3-21-2021,PM,CM,9.13,,3.8,8,719
3-22-2021,PM,CM,9.22,,3.9,7.9,719
3-23-2021,PM,CM,10.19,,3.8,7.9,719
3-27-2021,PM,CM,11.17,,3.9,8,719
3-24-2021,PM,CM,9.51,,3.5,7.7,719
3-25-2021,PM,CM,11.17,,3.8,8,719
3-26-2021,PM,CM,10.39,,3.9,7.9,719
3-21-2021,PM,CM,5.44,,4,8,721
3-22-2021,PM,CM,5.15,,4,8,721
3-23-2021,PM,CM,6.6,,3.9,8,721
3-27-2021,PM,CM,6.21,,4,8.1,721
3-24-2021,PM,CM,5.92,,4,7.9,721
3-25-2021,PM,CM,6.21,,3.8,7.9,721
3-26-2021,PM,CM,5.05,,3.8,7.8,721
3-21-2021,PM,CM,5.44,,3.9,8,722
3-22-2021,PM,CM,8.16,,3.9,7.9,722
3-23-2021,PM,CM,7.77,,3.8,7.9,722
3-27-2021,PM,CM,7.48,,4.1,8.1,722
3-24-2021,PM,CM,7.67,,3.6,7.7,722
3-25-2021,PM,CM,6.8,,3.7,7.8,722
3-26-2021,PM,CM,7.28,,3.9,7.8,722
3-21-2021,PM,CM,11.94,,3.9,8.1,723
3-22-2021,PM,CM,10.97,,4,8.1,723
3-23-2021,PM,CM,11.65,,3.8,8,723
3-27-2021,PM,CM,11.65,,3.9,8,723
3-24-2021,PM,CM,10.39,,4,8,723
3-25-2021,PM,CM,10.78,,3.9,7.9,723
3-26-2021,PM,CM,10.97,,3.9,8,723
3-27-2021,PM,CM,10,,3.8,8.1,724
3-25-2021,PM,CM,3.59,,3.9,8,724
3-26-2021,PM,CM,3.11,,3.8,7.8,724
3-27-2021,PM,CM,3.3,,3.9,8,724
3-22-2021,PM,CM,3.5,,3.9,8.1,724
3-23-2021,PM,CM,3.4,,4,8,724
3-24-2021,PM,CM,4.76,,3.9,7.9,724
3-25-2021,PM,CM,45.83,,3.5,7.7,801
3-26-2021,PM,CM,47.67,,3.5,7.6,801
3-27-2021,PM,CM,41.65,,3.5,7.6,801
3-22-2021,PM,CM,47.18,,3.6,7.5,801
3-23-2021,PM,CM,47.09,,3.6,7.7,801
3-24-2021,PM,CM,47.48,,3.5,7.8,801
3-21-2021,PM,CM,48.64,,3.5,7.7,801
3-25-2021,PM,CM,17.09,,3.9,8,802
3-26-2021,PM,CM,20.49,,3.8,8,802
3-27-2021,PM,CM,26.99,,3.7,7.9,802
3-21-2021,PM,CM,34.08,,3.9,8,802
3-22-2021,PM,CM,11.17,,3.8,8,802
3-23-2021,PM,CM,23.88,,3.9,8.1,802
3-24-2021,PM,CM,22.33,,3.8,8,802
3-26-2021,PM,CM,9.9,,4.1,8.1,931
3-27-2021,PM,CM,10.49,,4.1,8.1,931
3-21-2021,PM,CM,10.1,,4.1,8.2,931
3-22-2021,PM,CM,10.39,,4.1,8.1,931
3-23-2021,PM,CM,20.39,,4.1,8.1,931
3-24-2021,PM,CM,10.1,,4,8.1,931
3-25-2021,PM,CM,10.1,,4.2,8.2,931
3-27-2021,PM,CM,38.35,,3.8,8,933
3-26-2021,PM,CM,37.67,,3.9,8,933
3-24-2021,PM,CM,38.64,,3.8,8.1,933
3-25-2021,PM,CM,37.67,,4,8,933
3-23-2021,PM,CM,37.57,,3.8,8,933
3-21-2021,PM,CM,42.23,,4,8,102
3-22-2021,PM,CM,39.03,,3.9,8,102
3-26-2021,PM,CM,16.21,,3.9,8,102
3-27-2021,PM,CM,16.41,,3.8,8,102
3-22-2021,PM,CM,20,,3.9,8.1,102
3-23-2021,PM,CM,10.19,,4,8.1,102
3-24-2021,PM,CM,12.52,,3.9,8,102
3-21-2021,PM,CM,14.76,,4,8,103
3-27-2021,PM,CM,28.83,,4,8.2,103
3-25-2021,PM,CM,29.61,,4.1,8.1,103
3-26-2021,PM,CM,27.18,,4,8.1,105
3-22-2021,PM,CM,31.94,,4,8.1,105
3-23-2021,PM,CM,25.05,,4.1,8.2,105
3-24-2021,PM,CM,30.58,,4.1,8.1,105
3-21-2021,PM,CM,30.1,,4.1,8.1,105
3-27-2021,PM,CM,40.49,,3.9,8.1,105
3-25-2021,PM,CM,48.74,,4.1,8.1,105
3-26-2021,PM,CM,52.91,,4,8.1,107
3-22-2021,PM,CM,40.1,,4,8.1,107
3-23-2021,PM,CM,46.6,,4,8.1,107
3-24-2021,PM,CM,45.92,,4,8.2,107
3-21-2021,PM,CM,43.11,,4.1,8.1,107
3-27-2021,PM,CM,12.04,,3.9,8,107
3-25-2021,PM,CM,28.06,,3.9,8,107
3-26-2021,PM,CM,18.45,,3.9,7.9,501
3-22-2021,PM,CM,22.43,,4,8.1,501
3-23-2021,PM,CM,22.23,,3.9,8,501
3-24-2021,PM,CM,22.33,,3.9,8,501
3-21-2021,PM,CM,21.55,,3.9,8.1,501
3-27-2021,PM,CM,11.17,,4,8,501
3-22-2021,PM,CM,23.4,,3.9,8.1,501
3-23-2021,PM,CM,10,,3.9,8.1,502
3-24-2021,PM,CM,18.25,,3.9,8.1,502
3-25-2021,PM,CM,20,,4,8.1,502
3-26-2021,PM,CM,17.86,,3.9,8,502
3-21-2021,PM,CM,20.68,,4,8,502
3-24-2021,PM,CM,5.15,,4.2,8.2,502
3-25-2021,PM,CM,2.43,,4.3,8.2,502
3-26-2021,PM,CM,3.98,,4.1,8.2,503
3-27-2021,PM,CM,2.14,,4.1,8.2,503
3-21-2021,PM,CM,3.88,,4.2,8.2,503
3-22-2021,PM,CM,3.69,,4.1,8.2,503
3-23-2021,PM,CM,5.34,,4.1,8.2,503
3-27-2021,PM,CM,10.29,,3.8,7.9,503
3-25-2021,PM,CM,12.82,,3.9,7.9,503
3-26-2021,PM,CM,11.84,,3.9,7.9,504
3-22-2021,PM,CM,13.59,,3.8,8,504
3-23-2021,PM,CM,12.72,,3.9,8,504
3-24-2021,PM,CM,10.49,,3.8,8,504
3-21-2021,PM,CM,15.92,,3.9,8.1,504
3-27-2021,PM,CM,8.83,,3.5,7.7,504
3-25-2021,PM,CM,7.86,,3.7,7.7,504
3-26-2021,PM,CM,7.38,,3.6,7.7,505
3-22-2021,PM,CM,5.53,,3.7,7.8,505
3-23-2021,PM,CM,6.31,,3.8,7.9,505
3-24-2021,PM,CM,9.03,,3.5,7.8,505
3-21-2021,PM,CM,6.6,,3.5,7.9,505
3-21-2021,PM,CM,26.31,,4,8.1,505
3-22-2021,PM,CM,21.65,,4,8.1,505
3-23-2021,PM,CM,20,,4,8.1,506
3-27-2021,PM,CM,17.77,,3.8,8,701
3-24-2021,PM,CM,22.33,,4,8.2,701
3-25-2021,PM,CM,25.24,,4,8.2,701
3-26-2021,PM,CM,20.87,,4,8,701
3-21-2021,PM,CM,22.04,,4.1,8.1,701
3-22-2021,PM,CM,21.46,,3.9,8.1,701
3-23-2021,PM,CM,25.24,,4.1,8.1,701
3-27-2021,PM,CM,31.26,,4,8.2,702
3-24-2021,PM,CM,27.18,,4.1,8.2,702
3-25-2021,PM,CM,25.53,,4.1,8.2,702
3-26-2021,PM,CM,29.42,,4.1,8.1,702
3-25-2021,PM,CM,40.1,,4.2,8.3,702
3-26-2021,PM,CM,39.13,,4.2,8.2,702
3-27-2021,PM,CM,39.03,,4.2,8.2,702
3-22-2021,PM,CM,152.72,,4.3,8.3,704
3-24-2021,PM,CM,77.86,,4.2,8.3,704
3-21-2021,PM,CM,156.8,,4.2,8.2,704
3-27-2021,PM,CM,117.18,,4,8.2,704
3-25-2021,PM,CM,103.98,,4.1,8.3,704
3-26-2021,PM,CM,109.9,,4,8.3,705
3-22-2021,PM,CM,114.37,,4.2,8.3,706
3-23-2021,PM,CM,97.38,,4,8.2,708
3-24-2021,PM,CM,103.4,,4,8.2,708
3-21-2021,PM,CM,120.58,,4.1,8.1,708
3-27-2021,PM,CM,114.17,,3.8,8,708
3-24-2021,PM,CM,113.59,,4,8.1,708
3-25-2021,PM,CM,116.7,,3.8,7.8,708
3-26-2021,PM,CM,110.1,,3.7,7.9,708
3-21-2021,PM,CM,128.74,,3.9,8,714
3-22-2021,PM,CM,111.94,,3.8,8,714
3-23-2021,PM,CM,117.57,,3.8,8,714
3-27-2021,PM,CM,1.94,,4,8.1,714
3-21-2021,PM,CM,2.14,,4,8.1,714
3-22-2021,PM,CM,1.84,,4,8,714
3-23-2021,PM,CM,2.04,,4,8.1,714
3-24-2021,PM,CM,2.14,,4,8.1,715
3-25-2021,PM,CM,2.14,,4,8,715
3-26-2021,PM,CM,2.04,,4,8,715
3-31-2021,AM,CM,294.27,,4.1,8.2,715
3-29-2021,AM,CM,243.69,,4.2,8.3,715
3-30-2021,AM,CM,296.02,,4.1,8.3,715
3-28-2021,AM,CM,269.32,,4.1,8.3,715
3-28-2021,AM,CM,25.44,,4,8.1,716
3-29-2021,AM,CM,37.86,,4,8.2,716
3-30-2021,AM,CM,39.51,,4,8.1,716
3-31-2021,AM,CM,29.13,,4,8.1,716
3-31-2021,AM,CM,320.39,,4.2,8.3,716
3-29-2021,AM,CM,317.86,,4.3,8.2,716
3-30-2021,AM,CM,318.45,,4.2,8.2,716
3-28-2021,AM,CM,313.98,,4.2,8.2,719
3-31-2021,AM,CM,172.04,,4.2,8.2,719
3-28-2021,AM,CM,240.58,,4.2,8.3,719
3-29-2021,AM,CM,234.37,,4.2,8.3,719
3-30-2021,AM,CM,238.83,,4.3,8.3,719
3-31-2021,AM,CM,26.21,,3.6,8,719
3-30-2021,AM,CM,24.27,,3.7,7.7,719
3-28-2021,AM,CM,27.67,,3.7,7.8,721
3-29-2021,AM,CM,27.38,,3.8,8,721
3-30-2021,AM,CM,9.32,,3.9,8,721
3-31-2021,AM,CM,9.9,,3.7,7.9,723
3-28-2021,AM,CM,11.07,,3.9,8,723
3-29-2021,AM,CM,9.71,,4,8.1,723
3-30-2021,AM,CM,4.76,,4,8.1,723
3-31-2021,AM,CM,5.15,,3.9,7.9,723
3-28-2021,AM,CM,3.98,,4,8.1,723
3-29-2021,AM,CM,4.37,,4,8,723
3-30-2021,AM,CM,6.31,,3.8,8,724
3-31-2021,AM,CM,6.89,,4,8,724
3-28-2021,AM,CM,4.27,,4,8,724
3-29-2021,AM,CM,6.31,,4.1,8.1,724
3-30-2021,AM,CM,8.06,,3.9,8,724
3-31-2021,AM,CM,8.74,,3.9,8,724
3-28-2021,AM,CM,13.3,,3.8,7.9,724
3-29-2021,AM,CM,7.48,,3.9,8,725
3-28-2021,AM,CM,11.94,,3.7,7.9,725
3-29-2021,AM,CM,11.46,,3.7,7.8,725
3-30-2021,AM,CM,12.82,,3.8,7.8,725
3-29-2021,AM,CM,3.11,,4.1,8.1,725
3-30-2021,AM,CM,2.91,,3.8,8,725
3-31-2021,AM,CM,2.72,,3.8,7.9,725
3-28-2021,AM,CM,3.2,,4,8.1,726
3-29-2021,AM,CM,58.35,,3.7,7.9,726
3-30-2021,AM,CM,69.42,,3.5,7.6,726
3-31-2021,AM,CM,65.83,,3.6,7.8,726
3-28-2021,AM,CM,63.98,,3.3,7.6,726
3-28-2021,AM,CM,25.34,,3.8,8.1,726
3-29-2021,AM,CM,30.29,,3.9,8.1,726
3-30-2021,AM,CM,30.29,,3.9,8.1,801
3-31-2021,AM,CM,26.99,,3.8,8.1,801
3-31-2021,AM,CM,7.86,,3.8,8,801
3-28-2021,AM,CM,10.78,,3.9,8,801
3-29-2021,AM,CM,3.88,,4,8.1,801
3-31-2021,AM,CM,48.16,,3.8,8.1,801
3-30-2021,AM,CM,48.93,,3.9,8.1,801
3-28-2021,AM,CM,43.4,,4.1,8.1,802
3-29-2021,AM,CM,42.33,,4.1,8.1,802
3-29-2021,AM,CM,27.38,,4,8.1,802
3-30-2021,AM,CM,29.51,,3.9,8.1,802
3-31-2021,AM,CM,23.01,,3.9,8.1,802
3-28-2021,AM,CM,24.56,,4,8,802
3-31-2021,AM,CM,19.32,,4,8.2,802
3-29-2021,AM,CM,23.11,,4.2,8.2,931
3-30-2021,AM,CM,24.76,,4.1,8.2,931
3-28-2021,AM,CM,27.57,,4,8.2,931
3-31-2021,AM,CM,63.3,,4,8.2,931
3-29-2021,AM,CM,59.61,,4.1,8.2,931
3-30-2021,AM,CM,63.2,,4,8.2,931
3-28-2021,AM,CM,60.19,,3.9,8.2,102
3-31-2021,AM,CM,28.74,,3.9,8,102
3-29-2021,AM,CM,31.36,,4,8,102
3-30-2021,AM,CM,27.77,,3.9,8.1,102
3-28-2021,AM,CM,29.9,,4,8,102
3-31-2021,AM,CM,3.88,,4.2,8.3,102
3-31-2021,AM,CM,12.23,,3.9,8,102
3-29-2021,AM,CM,14.08,,4,8.1,103
3-30-2021,AM,CM,13.88,,3.9,8,103
3-28-2021,AM,CM,13.01,,3.9,8.1,103
3-31-2021,AM,CM,8.64,,3.7,8,105
3-29-2021,AM,CM,8.25,,3.9,8,105
3-30-2021,AM,CM,8.54,,3.6,7.8,105
3-28-2021,AM,CM,8.35,,3.6,7.7,105
3-30-2021,AM,CM,26.02,,4,8.1,105
3-31-2021,AM,CM,28.06,,3.9,8.1,105
3-28-2021,AM,CM,29.9,,4.2,8.2,105
3-29-2021,AM,CM,29.81,,4.1,8.1,107
3-30-2021,AM,CM,33.01,,4.2,8.2,501
3-31-2021,AM,CM,34.56,,4.1,8.2,501
3-28-2021,AM,CM,30.29,,4.1,8.3,501
3-29-2021,AM,CM,33.3,,4.2,8.2,501
3-29-2021,AM,CM,38.83,,4.2,8.2,501
3-30-2021,AM,CM,39.32,,4.1,8.1,501
3-31-2021,AM,CM,39.13,,4.1,8.3,501
3-28-2021,AM,CM,39.61,,4.1,8.2,502
3-31-2021,AM,CM,63.79,,4,8.2,502
3-29-2021,AM,CM,91.36,,4,8.3,502
3-30-2021,AM,CM,86.7,,4.1,8.2,502
3-28-2021,AM,CM,111.17,,4.1,8.2,502
3-31-2021,AM,CM,34.17,,3.9,8,502
3-28-2021,AM,CM,30.58,,3.9,8.1,502
3-29-2021,AM,CM,26.12,,3.8,8,503
3-30-2021,AM,CM,14.27,,4,8,503
3-31-2021,PM,CM,306.8,,4.1,8.2,503
3-28-2021,PM,CM,268.64,,4.1,8.3,503
3-29-2021,PM,CM,297.96,,4.1,8.3,503
3-30-2021,PM,CM,293.2,,4.1,8.3,503
3-28-2021,PM,CM,25.47,,4.1,8.2,503
3-29-2021,PM,CM,27.86,,3.9,8.1,504
3-30-2021,PM,CM,27.28,,3.9,8.1,504
3-31-2021,PM,CM,29.71,,4,8.1,504
3-31-2021,PM,CM,207.09,,4.2,8.3,504
3-28-2021,PM,CM,240.19,,4.2,8.3,504
3-29-2021,PM,CM,207.86,,4.2,8.3,504
3-30-2021,PM,CM,174.47,,4,8.3,504
3-30-2021,PM,CM,19.13,,3.7,7.8,505
3-31-2021,PM,CM,19.51,,3.7,7.7,505
3-28-2021,PM,CM,18.45,,3.6,7.8,505
3-29-2021,PM,CM,18.54,,3.6,7.8,505
3-30-2021,PM,CM,9.22,,3.7,8,505
3-31-2021,PM,CM,9.81,,3.8,7.9,505
3-28-2021,PM,CM,9.03,,3.9,8,505
3-29-2021,PM,CM,10.29,,3.9,8,506
3-30-2021,PM,CM,4.56,,3.7,8.1,701
3-31-2021,PM,CM,6.12,,3.9,8,701
3-28-2021,PM,CM,3.98,,4,8.1,701
3-29-2021,PM,CM,4.47,,4,8.1,701
3-30-2021,PM,CM,6.31,,3.8,8,701
3-31-2021,PM,CM,7.28,,3.7,7.8,701
3-28-2021,PM,CM,6.5,,3.9,7.9,702
3-29-2021,PM,CM,6.8,,3.7,7.8,702
3-30-2021,PM,CM,9.22,,3.8,7.9,702
3-28-2021,PM,CM,8.64,,3.7,8,702
3-29-2021,PM,CM,7.96,,3.9,7.9,702
3-28-2021,PM,CM,13.11,,3.7,7.8,702
3-29-2021,PM,CM,12.14,,3.6,7.8,702
3-31-2021,PM,CM,3.79,,3.8,8,705
3-28-2021,PM,CM,2.91,,4,8.1,705
3-29-2021,PM,CM,3.59,,3.8,7.9,705
3-30-2021,PM,CM,3.5,,3.9,8,705
3-31-2021,PM,CM,43.59,,3.5,7.6,705
3-28-2021,PM,CM,48.64,,3.6,7.6,705
3-29-2021,PM,CM,43.4,,3.5,7.5,705
3-30-2021,PM,CM,40.68,,3.5,7.6,706
3-29-2021,PM,CM,21.36,,3.8,8,706
3-30-2021,PM,CM,13.4,,3.8,8,706
3-31-2021,PM,CM,19.13,,3.8,8,706
3-28-2021,PM,CM,24.27,,3.8,8,706
3-31-2021,PM,CM,10,,3.8,8.1,706
3-28-2021,PM,CM,11.65,,3.8,8.1,706
3-29-2021,PM,CM,9.03,,3.8,8.1,708
3-30-2021,PM,CM,10.1,,3.8,8.1,708
3-30-2021,PM,CM,34.47,,3.8,8,708
3-31-2021,PM,CM,44.08,,3.8,8,708
3-28-2021,PM,CM,43.98,,3.8,8.2,708
3-29-2021,PM,CM,43.01,,3.8,8,708
3-31-2021,PM,CM,12.62,,3.8,8,708
3-28-2021,PM,CM,11.65,,3.8,8,714
3-29-2021,PM,CM,12.72,,3.8,8,714
3-30-2021,PM,CM,7.48,,3.8,8,714
3-31-2021,PM,CM,24.56,,3.8,8.1,714
3-28-2021,PM,CM,28.25,,3.8,8.1,714
3-29-2021,PM,CM,23.4,,3.8,8.1,714
3-30-2021,PM,CM,20.29,,3.8,8.1,715
3-31-2021,PM,CM,51.46,,3.8,8.1,715
3-28-2021,PM,CM,38.93,,3.8,8.2,715
3-29-2021,PM,CM,49.51,,3.8,8.1,715
3-30-2021,PM,CM,53.69,,3.8,8.1,715
3-31-2021,PM,CM,18.93,,3.8,8,715
3-28-2021,PM,CM,18.93,,3.8,8,715
3-29-2021,PM,CM,16.12,,3.8,8,716
3-30-2021,PM,CM,21.26,,3.8,8,716
3-28-2021,PM,CM,24.17,,3.8,8.1,716
3-29-2021,PM,CM,16.21,,3.8,7.9,716
3-30-2021,PM,CM,16.89,,3.8,8,716
3-31-2021,PM,CM,14.08,,3.8,8,716
3-30-2021,PM,CM,4.08,,3.8,8.1,716
3-31-2021,PM,CM,4.66,,3.8,8.1,719
3-28-2021,PM,CM,3.3,,3.8,8.2,719
3-29-2021,PM,CM,3.3,,3.8,8.1,719
3-31-2021,PM,CM,11.84,,3.8,8,719
3-28-2021,PM,CM,10.97,,3.8,8,719
3-29-2021,PM,CM,11.65,,3.8,7.9,719
3-30-2021,PM,CM,12.33,,3.8,8,719
3-31-2021,PM,CM,6.7,,3.8,7.7,721
3-28-2021,PM,CM,7.48,,3.8,7.8,721
3-29-2021,PM,CM,6.21,,3.8,7.8,721
3-30-2021,PM,CM,6.5,,3.8,7.8,721
3-30-2021,PM,CM,19.71,,3.8,8.1,721
3-31-2021,PM,CM,18.93,,3.8,8.1,721
3-28-2021,PM,CM,22.23,,3.8,8,721
3-29-2021,PM,CM,18.25,,3.8,8.1,722
3-30-2021,PM,CM,40.1,,3.8,8.1,722
3-31-2021,PM,CM,40.78,,3.8,8.2,722
3-28-2021,PM,CM,32.04,,3.8,8.2,722
3-29-2021,PM,CM,40.29,,3.8,8.1,722
3-28-2021,PM,CM,118.54,,3.8,8.2,722
3-29-2021,PM,CM,38.74,,3.8,8.2,722
3-30-2021,PM,CM,40.1,,3.8,8.1,723
3-31-2021,PM,CM,40.49,,3.8,8.1,723
3-31-2021,PM,CM,85.63,,3.8,8.1,723
3-28-2021,PM,CM,113.11,,3.8,8.2,723
3-29-2021,PM,CM,92.33,,3.8,8.2,723
3-30-2021,PM,CM,78.64,,3.8,8.2,723
3-30-2021,PM,CM,110,,3.8,7.9,723
3-31-2021,PM,CM,114.47,,3.8,8,724
3-28-2021,PM,CM,116.21,,3.8,7.9,724
3-29-2021,PM,CM,87.18,,3.8,8,724
3-28-2021,PM,CM,1.94,,3.8,8,724
3-29-2021,PM,CM,2.04,,3.8,8,724
3-30-2021,PM,CM,2.14,,3.8,8.1,724
3-31-2021,PM,CM,2.04,,3.8,8,724
03-08-2021,PM,CM,111.46,,4,8,725
03-09-2021,PM,CM,46.41,,4,8,725
03-10-2021,PM,CM,113.79,,3.9,8,725
03-07-2021,PM,CM,98.54,,3.7,7.9,725
03-08-2021,PM,CM,1.75,,4.2,8.2,725
03-10-2021,PM,CM,1.94,,4.1,8.2,725
03-12-2021,PM,CM,1.94,,4,8,725
03-10-2021,PM,CM,38.64,,4.1,8.4,726
03-11-2021,PM,CM,38.06,,4.4,8.5,726
03-12-2021,PM,CM,103.4,,4.3,8.4,726
03-07-2021,PM,CM,39.81,,4.4,8.3,726
03-08-2021,PM,CM,35.63,,4.2,8.2,726
03-09-2021,PM,CM,41.75,,4.2,8.3,726
03-12-2021,PM,CM,39.32,,4.3,8.3,726
03-11-2021,PM,CM,105.63,,4.2,8,801
03-12-2021,PM,CM,104.56,,4.2,8.1,801
03-10-2021,PM,CM,91.55,,4.2,8.3,801
03-11-2021,PM,CM,116.89,,4.2,8.3,801
03-12-2021,PM,CM,103.01,,4.3,8.3,801
03-07-2021,PM,CM,111.94,,4.3,8.4,801
03-08-2021,PM,CM,103.79,,4.2,8.3,802
03-09-2021,PM,CM,112.72,,4.4,8.5,802
03-10-2021,PM,CM,5.92,,3.5,8,802
03-11-2021,PM,CM,6.6,,3.6,8,802
03-12-2021,PM,CM,5.44,,3.8,8,802
03-07-2021,PM,CM,6.6,,3.6,8,802
03-08-2021,PM,CM,6.6,,4.1,8.1,802
03-09-2021,PM,CM,6.41,,3.9,8.1,931
03-10-2021,PM,CM,10.87,,4,8.1,931
03-11-2021,PM,CM,10.68,,3.8,8.1,931
03-12-2021,PM,CM,10.68,,3.8,8,931
03-07-2021,PM,CM,11.65,,3.6,8,931
03-08-2021,PM,CM,11.65,,4,8,931
03-09-2021,PM,CM,10.68,,3.9,8,931
03-10-2021,PM,CM,5.92,,4,8.2,933
03-12-2021,PM,CM,10.49,,3.9,8.1,933
03-07-2021,PM,CM,8.74,,4.1,8.2,933
03-08-2021,PM,CM,11.46,,4.1,8.1,933
03-09-2021,PM,CM,13.2,,4.1,8.2,933
03-12-2021,PM,CM,6.99,,4.2,8.3,933
13-03-2021,PM,CM,5.53,,4.1,8.2,933
03-07-2021,PM,CM,5.83,,4.2,8.3,102
03-08-2021,PM,CM,6.99,,4.1,8.3,102
03-09-2021,PM,CM,6.02,,4.1,8.2,102
03-10-2021,PM,CM,4.85,,4.3,8.3,102
03-11-2021,PM,CM,8.16,,4,8,103
03-10-2021,PM,CM,15.92,,4.1,8.3,103
03-11-2021,PM,CM,20.68,,4.2,8.5,103
03-12-2021,PM,CM,21.84,,4.4,8.5,103
03-07-2021,PM,CM,16.5,,4.1,8.2,105
03-08-2021,PM,CM,15.53,,4.2,8.3,105
03-09-2021,PM,CM,18.16,,4.2,8.1,105
03-10-2021,PM,CM,45.63,,4.3,8.4,105
03-11-2021,PM,CM,36.7,,4.1,8.4,107
03-12-2021,PM,CM,38.64,,4.2,8.4,107
03-07-2021,PM,CM,42.04,,4,8.3,107
03-08-2021,PM,CM,43.98,,4.1,8.3,107
03-09-2021,PM,CM,41.26,,4,8.1,501
03-10-2021,PM,CM,26.21,,4.3,8.4,501
03-11-2021,PM,CM,4.85,,4.2,8.4,501
03-12-2021,PM,CM,21.36,,4.2,8.3,501
03-07-2021,PM,CM,26.8,,4.1,8.3,502
03-08-2021,PM,CM,23.69,,4.2,8.3,502
03-09-2021,PM,CM,30.1,,4.2,8.3,502
03-11-2021,PM,CM,10.39,,4.1,8.3,502
03-12-2021,PM,CM,10.19,,4.2,8.2,503
03-09-2021,PM,CM,7.96,,4,8.2,503
03-10-2021,PM,CM,8.35,,4.2,8.2,503
03-07-2021,PM,CM,8.45,,4,8.3,503
03-08-2021,PM,CM,10,,4,8.2,504
13-03-2021,PM,CM,55.53,,4,8,504
03-10-2021,PM,CM,43.3,,4,8.2,504
03-11-2021,PM,CM,57.18,,4,8.1,504
03-12-2021,PM,CM,55.15,,4.1,8,505
03-07-2021,PM,CM,40.39,,4,8.2,505
03-08-2021,PM,CM,56.41,,4.2,8.2,505
03-09-2021,PM,CM,52.23,,4.2,8.1,505
03-03-2021,PM,CM,16.31,,4.4,8.4,506
03-10-2021,PM,CM,22.04,,4,8.1,506
03-11-2021,PM,CM,19.42,,4.3,8.3,506
03-12-2021,PM,CM,17.96,,4.3,8.3,701
03-07-2021,PM,CM,19.42,,4.1,8.2,701
03-08-2021,PM,CM,20.39,,4.3,8.3,701
03-09-2021,PM,CM,21.65,,4.2,8.2,701
03-09-2021,PM,CM,19.13,,3.9,8,702
03-10-2021,PM,CM,23.88,,3.9,8,702
03-11-2021,PM,CM,15.05,,3.9,8.2,702
03-07-2021,PM,CM,17.28,,3.9,8,702
03-08-2021,PM,CM,16.7,,4,8,704
03-10-2021,AM,CM,54.47,,4.1,8.1,704
03-11-2021,AM,CM,59.22,,4,8.1,704
03-12-2021,AM,CM,53.2,,4.1,8.2,704
03-07-2021,AM,CM,52.04,,4,8.1,705
03-08-2021,AM,CM,51.36,,4,8,705
03-09-2021,AM,CM,51.26,,4.1,8.1,705
03-10-2021,AM,CM,21.07,,4.3,8.3,708
03-11-2021,AM,CM,19.71,,4.2,8.2,708
03-12-2021,AM,CM,8.35,,4.1,8.2,708
03-07-2021,AM,CM,19.61,,4,8.1,708
03-08-2021,AM,CM,14.56,,4,8.2,714
03-09-2021,AM,CM,19.61,,4.2,8.3,714
03-10-2021,AM,CM,31.07,,4.3,8.4,714
03-11-2021,AM,CM,19.42,,4.2,8.3,714
03-12-2021,AM,CM,17.57,,4.2,8.5,715
03-07-2021,AM,CM,21.07,,4.3,8.4,715
03-08-2021,AM,CM,24.85,,4.2,8.4,715
03-09-2021,AM,CM,20.39,,4.3,8.4,715
03-10-2021,AM,CM,60.19,,4,8.4,716
03-11-2021,AM,CM,53.69,,4.3,8.4,716
03-12-2021,AM,CM,54.56,,4.4,8.5,716
03-07-2021,AM,CM,57.38,,4.3,8.4,716
03-08-2021,AM,CM,54.37,,4,8.3,719
03-09-2021,AM,CM,57.48,,4.2,8.4,719
03-10-2021,AM,CM,25.15,,4,8.2,719
03-11-2021,AM,CM,24.56,,4.3,8.3,719
03-12-2021,AM,CM,28.64,,4.3,8.4,722
03-07-2021,AM,CM,20.68,,4.1,8.1,723
03-08-2021,AM,CM,29.81,,4.1,8.3,723
03-09-2021,AM,CM,24.76,,4.1,8.1,723
03-10-2021,AM,CM,31.17,,4.1,8.3,723
03-11-2021,AM,CM,22.43,,4.1,8.1,724
03-12-2021,AM,CM,30.58,,4.1,8.2,724
03-07-2021,AM,CM,40.68,,4,8.1,724
03-08-2021,AM,CM,38.06,,4.1,8.2,724
03-09-2021,AM,CM,22.04,,4.1,8.2,725
03-12-2021,AM,CM,6.7,,4.3,8.3,725
03-10-2021,AM,CM,10.58,,4,8.1,725
03-11-2021,AM,CM,11.94,,3.8,8.2,725
03-12-2021,AM,CM,12.14,,4,8.2,726
03-07-2021,AM,CM,12.23,,3.9,8.2,726
03-08-2021,AM,CM,12.33,,3.7,8.1,726
03-09-2021,AM,CM,10.78,,4,8.1,726
03-10-2021,AM,CM,7.28,,3.6,7.9,801
03-11-2021,AM,CM,7.77,,3.6,8,801
03-12-2021,AM,CM,7.28,,3.7,8.1,801
03-07-2021,AM,CM,8.06,,4,8.1,801
03-08-2021,AM,CM,7.18,,3,7.8,802
03-09-2021,AM,CM,7.38,,3.8,8,802
03-10-2021,AM,CM,228.06,,4.1,8.4,802
03-11-2021,AM,CM,229.9,,4.3,8.4,802
03-12-2021,AM,CM,205.73,,4.3,8.4,931
03-07-2021,AM,CM,156.8,,4.4,8.2,931
03-08-2021,AM,CM,187.96,,4.3,8.4,931
03-09-2021,AM,CM,154.47,,4.3,8.4,931
03-10-2021,AM,CM,81.17,,4.2,8.2,102
03-11-2021,AM,CM,96.41,,4.3,8.5,102
03-12-2021,AM,CM,68.54,,4.3,8.4,102
03-07-2021,AM,CM,100.1,,4.1,8.3,102
03-08-2021,AM,CM,98.35,,4.1,8.3,103
03-09-2021,AM,CM,86.12,,4.1,8.3,103
03-11-2021,AM,CM,40,,4.2,8.3,103
03-12-2021,AM,CM,40.1,,4.2,8.4,103
03-07-2021,AM,CM,7.48,,4,8,105
03-09-2021,AM,CM,4.37,,4.2,8.2,105
03-11-2021,AM,CM,9.51,,3.7,8.1,105
03-12-2021,AM,CM,5.73,,4,8,105
03-08-2021,AM,CM,14.85,,4.1,8.2,501
03-09-2021,AM,CM,6.99,,4,8,501
03-10-2021,AM,CM,22.23,,4,8,501
03-07-2021,AM,CM,15.05,,4,8,501
03-07-2021,AM,CM,3.98,,3.9,8.1,502
03-09-2021,AM,CM,1.84,,4.1,8.2,502
03-11-2021,AM,CM,1.84,,4,8.1,502
03-10-2021,PM,CM,268.64,,4.2,8.5,502
03-11-2021,PM,CM,189.51,,4.2,8.4,503
03-12-2021,PM,CM,259.13,,4.2,8.4,503
03-07-2021,PM,CM,288.83,,4.3,8.6,503
03-08-2021,PM,CM,252.14,,4.4,8.5,503
03-09-2021,PM,CM,278.25,,4.3,8.5,504
03-10-2021,PM,CM,268.83,,4.3,8.5,504
03-11-2021,PM,CM,179.42,,4.3,8.4,504
03-12-2021,PM,CM,187.57,,4.2,8.3,504
03-07-2021,PM,CM,199.61,,4.3,8.6,505
03-08-2021,PM,CM,239.81,,4.4,8.5,505
03-09-2021,PM,CM,200.87,,4.4,8.5,505
03-10-2021,PM,CM,23.11,,4,8.1,506
03-12-2021,PM,CM,22.52,,4,8.1,506
03-10-2021,PM,CM,31.65,,3.9,8.2,701
03-12-2021,PM,CM,36.02,,4.3,8.3,701
03-12-2021,PM,CM,13.69,,4.1,8.4,701
03-09-2021,PM,CM,12.62,,4.1,8.1,701
03-10-2021,PM,CM,10,,4,8.3,702
03-11-2021,PM,CM,11.75,,4.3,8.4,702
03-07-2021,PM,CM,14.56,,4.2,8.3,702
03-08-2021,PM,CM,15.92,,4,8.1,702
03-11-2021,PM,CM,35.63,,4,8.4,705
03-12-2021,PM,CM,32.72,,4,8,705
03-09-2021,PM,CM,36.21,,4,8.2,705
03-10-2021,PM,CM,34.56,,4.2,8.3,705
03-07-2021,PM,CM,32.04,,4,8.4,706
03-08-2021,PM,CM,38.64,,4.1,8.4,706
03-10-2021,PM,CM,5.34,,4.1,8.2,706
03-07-2021,PM,CM,94.37,,4.2,8.3,706
03-11-2021,PM,CM,52.14,,4,8.1,708
03-08-2021,PM,CM,96.6,,4.4,8.5,708
03-09-2021,PM,CM,75.83,,4.3,8.5,708
03-10-2021,PM,CM,3.88,,4,8,708
03-11-2021,PM,CM,3.69,,4,8.2,714
03-12-2021,PM,CM,4.17,,4,8.1,714
03-07-2021,PM,CM,5.34,,3.7,8.1,714
03-08-2021,PM,CM,4.56,,4,8.2,714
03-09-2021,PM,CM,4.08,,4,8,715
03-10-2021,PM,CM,38.83,,3.4,7.6,715
03-11-2021,PM,CM,43.69,,3.6,7.8,715
03-12-2021,PM,CM,45.15,,3.5,7.5,715
03-07-2021,PM,CM,43.88,,3.5,7.6,716
03-08-2021,PM,CM,43.79,,3.8,8,716
03-09-2021,PM,CM,45.44,,3.7,7.8,716
03-12-2021,PM,CM,20.78,,3.9,8.3,716
3-13-2021,AM,CM,283.11,,4.3,8.3,719
3-13-2021,AM,CM,293.4,,4.2,8.3,719
3-13-2021,AM,CM,281.07,,4.2,8.5,719
3-13-2021,AM,CM,9.9,,4,8.2,719
3-13-2021,AM,CM,37.96,,4.1,8.2,721
3-13-2021,AM,CM,37.67,,4.1,8.1,721
3-13-2021,AM,CM,23.3,,4.1,8.3,721
3-13-2021,AM,CM,23.3,,4,8.1,721
3-13-2021,AM,CM,8.16,,4.2,8.2,722
3-13-2021,AM,CM,4.37,,4,8.1,722
3-13-2021,AM,CM,65.83,,3.6,7.7,722
3-13-2021,AM,CM,9.9,,4.1,8.3,722
3-13-2021,AM,CM,56.5,,4,8.2,723
3-13-2021,AM,CM,17.48,,4.2,8.3,723
3-13-2021,AM,CM,19.61,,4.2,8.4,723
3-13-2021,AM,CM,61.07,,4.1,8.3,723
3-13-2021,AM,CM,29.22,,4,8.2,724
3-13-2021,AM,CM,34.66,,4.1,8.1,724
3-13-2021,AM,CM,11.36,,4,8.1,724
3-13-2021,AM,CM,6.89,,3.8,8,724
3-13-2021,AM,CM,148.74,,4.3,8.4,725
3-13-2021,AM,CM,105.73,,4.3,8.5,725
3-13-2021,AM,CM,2.52,,4.1,8.1,725
3-13-2021,AM,CM,29.9,,4.2,8.3,725
3-13-2021,PM,CM,287.09,,4.4,8.3,726
3-13-2021,PM,CM,249.22,,4.3,8.5,726
3-13-2021,PM,CM,26.89,,4.3,8.4,726
3-13-2021,PM,CM,33.01,,4,8,726
3-13-2021,PM,CM,15.15,,4,8.2,801
3-13-2021,PM,CM,34.66,,4.2,8.2,801
3-13-2021,PM,CM,7.57,,4.2,8.2,801
3-13-2021,PM,CM,3.5,,4,8.1,801
3-13-2021,PM,CM,41.46,,3.7,7.6,802
3-13-2021,PM,CM,18.74,,3.8,8.2,802
3-13-2021,PM,CM,10.19,,4.1,8.2,802
3-13-2021,PM,CM,26.02,,4.3,8.4,802
3-13-2021,PM,CM,46.31,,4.4,8.4,931
3-13-2021,PM,CM,22.04,,4,8,931
3-13-2021,PM,CM,17.18,,3.9,8.2,931
3-13-2021,PM,CM,11.17,,3.9,8,931
3-13-2021,PM,CM,6.12,,3.7,7.9,933
3-13-2021,PM,CM,150,,4.2,8.3,933
3-13-2021,PM,CM,86.12,,4.3,8.4,933
3-13-2021,PM,CM,104.95,,4.2,8.3,933